race_id	candidate_id	name	official_site
FL-10-general	FL-DOE-89909	Maxwell Alejandro Frost	https://www.frostforcongress.com/
FL-11-general	FL-DOE-88517	Ralph Groves	https://www.grovesforcongress.com/
FL-11-general	FL-DOE-91715	James Pericola	https://jamespericola.com/
FL-11-general	FL-DOE-91717	Joe Strada	https://votestrada.com/
FL-12-general	FL-DOE-88868	Gus Michael Bilirakis	https://bilirakisforcongress.com/
FL-12-general	FL-DOE-89453	Kimberly Overman	https://kimberlyoverman.com/
FL-12-general	FL-DOE-89778	Branden Scrivener	https://brandenscrivenerfl.info/
FL-14-general	FL-DOE-88870	Kathy Castor	https://castorforcongress.com/
FL-14-general	FL-DOE-91313	Mike Beltran	https://beltranforcongress.com/
FL-14-general	FL-DOE-92395	Brian Lambert	https://www.brianlambertforcongress.com/
FL-15-general	FL-DOE-89116	Robert People	https://www.peopleforcongress.com/
FL-15-general	FL-DOE-89121	Laurel Lee	https://votelaurel.com/
FL-16-general	FL-DOE-89623	Mark Davis	https://markdavisforcongress.com/
FL-16-general	FL-DOE-90251	Sydney Gruters	https://grutersforcongress.com/
FL-16-general	FL-DOE-90779	Kelly Kirschner	https://kellykirschner.com/
FL-20-general	FL-DOE-90814	Kedner Maxime	https://www.maximeforcongress.com/
FL-20-general	FL-DOE-91278	Brent Andersen	https://brentandersenfl.com/
FL-20-general	FL-DOE-91577	Debbie Wasserman Schultz	https://debbiewassermanschultz.com/
FL-22-general	FL-DOE-89301	Pia Dandiya	https://piaforcongress.com/
FL-22-general	FL-DOE-92109	Casey Askar	https://www.caseyaskar.com/
FL-24-general	FL-DOE-90703	Te Mayonna Brown	https://tebrownforflorida.com/
FL-24-general	FL-DOE-91544	Oliver G. Gilbert III	https://olivergilbert.vote/
FL-25-general	FL-DOE-88911	Jared Moskowitz	https://jaredforflorida.com/
FL-25-general	FL-DOE-89801	Scott Singer	https://www.scottsingerusa.com/
FL-26-general	FL-DOE-89980	Nicole Locklin	https://locklinforcongress.com/
FL-26-general	FL-DOE-90330	Mario Diaz-Balart	https://mariodiazbalart.org/
FL-27-general	FL-DOE-89933	Eliott Rodriguez	https://eliottrodriguez.com/
FL-27-general	FL-DOE-90721	Maria Elvira Salazar	https://mariaelvirasalazar.com/
FL-28-general	FL-DOE-90340	Eddy Rojas	https://www.eddyrojas.com/
FL-28-general	FL-DOE-91226	Carlos A. Gimenez	https://carlosgimenezforcongress.com/
FL-28-general	FL-DOE-91699	Phil "Felipe" Ehr	https://ehrforcongress.us/
FL-7-general	FL-DOE-90631	Bale Dalton	https://baledalton.com/
FL-7-general	FL-DOE-90696	Ryan Elijah	https://elijahforcongress.com/
FL-7-general	FL-DOE-92377	Christopher Dennison	https://dennison4congress.com/
FL-8-general	FL-DOE-89522	Mike Haridopolos	https://www.mike4congress.com/
FL-8-general	FL-DOE-90831	Jennifer Jenkins	https://jenkinsforfl.com/
FL-9-general	FL-DOE-89339	Darren Soto	https://www.darrensoto.com/
FL-9-general	FL-DOE-91337	Dan Green	https://dangreenfl.com/
FL-AGR-general	FL-DOE-90560	Wilton Simpson	https://wiltonsimpson.com/
FL-AGR-general	FL-DOE-92013	Joey Mendoza Atkins	https://www.joeyforflorida.com/
FL-ATG-general	FL-DOE-89041	James Uthmeier	https://jamesforfl.com/
FL-ATG-general	FL-DOE-89231	Jose Javier Rodriguez	https://www.jjr.vote/
FL-BRO-CC6-general	FL-VF-BRO-1041	Caryl Sandler Shuham	https://www.carylshuham.com/
FL-BRO-SB1-general	FL-VF-BRO-1194	Maura McCarthy Bulman	https://www.mauraforbroward.com/
FL-BRO-SB4-general	FL-VF-BRO-1191	Nicole Morst	https://nicolemorst.com/
FL-BRO-SB6-general	FL-VF-BRO-1172	Roberto Fernandez III	https://www.electroberto2026.com/
FL-BRO-SB6-general	FL-VF-BRO-1184	Adam Cervera	https://www.adamcervera.com/
FL-BRO-SB7-general	FL-VF-BRO-1254	Cynthia Alceus Dominique	https://www.cynthiaforbrowardschools.com/
FL-BRO-SBAL8-general	FL-VF-BRO-1195	Allen Zeman	https://electallenzeman.com/
FL-CFO-general	FL-DOE-89394	Blaise Ingoglia	https://blaiseforflorida.com/
FL-CFO-general	FL-DOE-91310	Annette Taddeo	https://annettetaddeo.com/
FL-DAD-CC2-general	FL-VF-DAD-2964	Marleine Bastien	https://reelectbastien.com/
FL-DAD-CC5-general	FL-VF-DAD-2949	Vicki L. Lopez	https://vickilopez.vote/
FL-DAD-CC5-general	FL-VF-DAD-2998	Rob Piper	https://www.robpiperheretoserve.com/
FL-DAD-SB1-general	FL-VF-DAD-3070	Katrina Wilson	https://wilsonforeducation.com/
FL-DAD-SB1-general	FL-VF-DAD-3076	Linda Cothiere	https://lindaforschoolboard.com/
FL-HIL-CC1-general	FL-VF-HIL-2640	Harry Cohen	https://harrycohen.vote/
FL-HIL-CC1-general	FL-VF-HIL-2880	Jackie Toledo	https://jackietoledo.com/
FL-HIL-CC3-general	FL-VF-HIL-2621	Gwen Myers	https://www.votegwenmyers.com/
FL-HIL-CC3-general	FL-VF-HIL-2646	Luiz F. F. Garcia	https://www.electluizffgarcia.com/
FL-HIL-CC5-general	FL-VF-HIL-2636	Neil Manimala	https://www.neilmanimala.com/
FL-HIL-CC5-general	FL-VF-HIL-2661	Stacy Hahn	https://www.votestacyhahn.com/
FL-HIL-CC7-general	FL-VF-HIL-2620	Joshua Wostal	https://www.joshuawostal.com/
FL-HIL-CC7-general	FL-VF-HIL-2660	Aileen Rodriguez	https://voteaileen2026.com/
FL-HIL-SB2-general	FL-VF-HIL-2675	Daniela Simic	https://danielaforschools.com/
FL-HIL-SB2-general	FL-VF-HIL-2677	Brittany Lyssy	https://www.votebrittanylyssy.com/
FL-HIL-SB4-general	FL-VF-HIL-2672	Patricia "Patti" Rendon	https://www.votepattirendon.com/
FL-HIL-SB6-general	FL-VF-HIL-2610	Kenneth "Ken" Gay	https://votekennethgay.com/
FL-HIL-SB6-general	FL-VF-HIL-2645	Karen Perez	https://keepkarenperez.com/
FL-ORA-CC2-general	FL-VF-ORA-1290	Kamia Brown	https://www.kamiafororangecounty.com/
FL-ORA-CC2-general	FL-VF-ORA-1384	Mike Crabb	https://ilikemikecrabb.com/
FL-ORA-CC4-general	FL-VF-ORA-1260	Brian Jones	https://brianhubertjones.com/
FL-ORA-CC4-general	FL-VF-ORA-1279	Johanna Lopez	https://www.votejohannalopez.com/
FL-ORA-CC6-general	FL-VF-ORA-1265	Michael "Mike" Scott	https://mymikescott.com/
FL-ORA-CC6-general	FL-VF-ORA-1295	Lawanna Gelzer	https://www.lawannagelzer.com/
FL-ORA-CC7-general	FL-VF-ORA-1271	Vicki Vargo	https://votevickivargo.com/
FL-ORA-CC7-general	FL-VF-ORA-1283	Patricia Rumph	https://www.patriciarumph.com/
FL-ORA-CC8-general	FL-VF-ORA-1272	Victor M. Torres Jr.	https://www.electvictorres.com/
FL-ORA-CC8-general	FL-VF-ORA-1275	Jeannette Quinones Hernandez	https://www.jeannette2026.com/
FL-ORA-CLERK-general	FL-VF-ORA-1364	Terrell Thomas	https://thomasforclerk.com/
FL-ORA-CLERK-general	FL-VF-ORA-1401	Roberta Walton Johnson	https://voteroberta.com/
FL-ORA-MAYOR-general	FL-VF-ORA-1236	Tiffany Moore Russell	https://tiffanyformayor.com/
FL-ORA-MAYOR-general	FL-VF-ORA-1239	Chris Messina	https://www.chrismessina.com/
FL-ORA-SB1-general	FL-VF-ORA-1270	Melissa Lopez Marantes	https://www.melissaforkids.com/
FL-ORA-SB2-general	FL-VF-ORA-1318	Gloria Reina O'Neal	https://votegloriareina.com/
FL-ORA-SB3-general	FL-VF-ORA-1242	Susanne Peña	https://www.vote4pena.com/
FL-ORA-SB3-general	FL-VF-ORA-1314	Diana Moore	https://www.votefordianamoore.com/
FL-SEN-general	FL-DOE-89119	Ashley Moody	https://ashleymoody.com/
FL-SEN-general	FL-DOE-89955	Neil J. Gillespie	https://neilgillespie4senate.blogspot.com/
FL-SEN-general	FL-DOE-90009	Angie Nixon	https://angienixon.com/
