race_id	candidate_id	name	official_site	out_dir
FL-14-general	FL-DOE-91313	Mike Beltran	https://beltranforcongress.com/	FL-14/FL-DOE-91313
FL-22-general	FL-DOE-89301	Pia Dandiya	https://piaforcongress.com/	FL-22/FL-DOE-89301
FL-24-general	FL-DOE-91544	Oliver G. Gilbert III	https://olivergilbert.vote/	FL-24/FL-DOE-91544
FL-9-general	FL-DOE-91337	Dan Green	https://dangreenfl.com/	FL-9/FL-DOE-91337
FL-BRO-CC6-general	FL-VF-BRO-1041	Caryl Sandler Shuham	https://www.carylshuham.com/	FL-BRO-CC6/FL-VF-BRO-1041
FL-CFO-general	FL-DOE-91310	Annette Taddeo	https://annettetaddeo.com/	FL-CFO/FL-DOE-91310
FL-DAD-CC5-general	FL-VF-DAD-2998	Rob Piper	https://www.robpiperheretoserve.com/	FL-DAD-CC5/FL-VF-DAD-2998
FL-ORA-CC8-general	FL-VF-ORA-1275	Jeannette Quinones Hernandez	https://www.jeannette2026.com/	FL-ORA-CC8/FL-VF-ORA-1275
FL-GOV-general	FL-DOE-90433	Dean Ocean Abrams	https://www.deanabrams.com/	FL-GOV/FL-DOE-90433/reingest-2026-09-29
