zip5,county,county_fips,metro,cd_2026_map,cd_share,cd_seed_2024_map,state_senate,state_house,changed
32703,Orange,12095,orlando,FL-10,0.562,FL-7|FL-11,SD-15|SD-10,HD-39,yes
32703,Orange,12095,orlando,FL-11,0.347,FL-7|FL-11,SD-15|SD-10,HD-39,yes
32703,Orange,12095,orlando,FL-7,0.091,FL-7|FL-11,SD-15|SD-10,HD-39,yes
32709,Orange,12095,orlando,FL-8,1.0,FL-8|FL-9,SD-17,HD-35,yes
32712,Orange,12095,orlando,FL-11,0.999,FL-11,SD-15,HD-39,no
32751,Orange,12095,orlando,FL-10,0.747,FL-7|FL-10,SD-10|SD-15,HD-42|HD-38,no
32751,Orange,12095,orlando,FL-7,0.253,FL-7|FL-10,SD-10|SD-15,HD-42|HD-38,no
32768,Orange,12095,orlando,FL-11,1.0,FL-11,SD-15,HD-39,no
32789,Orange,12095,orlando,FL-10,1.0,FL-10,SD-10,HD-42,no
32798,Orange,12095,orlando,FL-11,1.0,FL-11,SD-15,HD-39,no
32801,Orange,12095,orlando,FL-10,1.0,FL-10,SD-17|SD-15,HD-42|HD-41,no
32803,Orange,12095,orlando,FL-10,1.0,FL-10,SD-17|SD-10,HD-42,no
32804,Orange,12095,orlando,FL-10,1.0,FL-10,SD-15,HD-40|HD-42,no
32805,Orange,12095,orlando,FL-10,1.0,FL-10,SD-15,HD-41|HD-42,no
32806,Orange,12095,orlando,FL-10,1.0,FL-9|FL-10,SD-17|SD-15,HD-42,yes
32807,Orange,12095,orlando,FL-10,1.0,FL-10,SD-17,HD-43|HD-37|HD-42,no
32808,Orange,12095,orlando,FL-10,1.0,FL-10,SD-15,HD-40|HD-41,no
32809,Orange,12095,orlando,FL-10,0.432,FL-9|FL-10,SD-15|SD-17|SD-25,HD-44|HD-41|HD-42,yes
32809,Orange,12095,orlando,FL-11,0.386,FL-9|FL-10,SD-15|SD-17|SD-25,HD-44|HD-41|HD-42,yes
32809,Orange,12095,orlando,FL-9,0.183,FL-9|FL-10,SD-15|SD-17|SD-25,HD-44|HD-41|HD-42,yes
32810,Orange,12095,orlando,FL-10,0.998,FL-10,SD-15|SD-10,HD-40|HD-42,no
32811,Orange,12095,orlando,FL-10,1.0,FL-10,SD-15,HD-41,no
32812,Orange,12095,orlando,FL-10,0.533,FL-9|FL-10,SD-17,HD-42|HD-43,no
32812,Orange,12095,orlando,FL-9,0.467,FL-9|FL-10,SD-17,HD-42|HD-43,no
32814,Orange,12095,orlando,FL-10,1.0,FL-10,SD-17,HD-42,no
32816,Orange,12095,orlando,FL-8,0.995,FL-10,SD-17,HD-37,yes
32817,Orange,12095,orlando,FL-10,0.876,FL-10,SD-17,HD-37,yes
32817,Orange,12095,orlando,FL-8,0.124,FL-10,SD-17,HD-37,yes
32818,Orange,12095,orlando,FL-10,1.0,FL-10|FL-11,SD-15,HD-40,yes
32819,Orange,12095,orlando,FL-11,0.727,FL-10|FL-11,SD-15|SD-25|SD-13,HD-44|HD-41|HD-45,no
32819,Orange,12095,orlando,FL-10,0.273,FL-10|FL-11,SD-15|SD-25|SD-13,HD-44|HD-41|HD-45,no
32820,Orange,12095,orlando,FL-8,1.0,FL-10,SD-17,HD-35|HD-37,yes
32821,Orange,12095,orlando,FL-11,1.0,FL-9|FL-11,SD-25|SD-13,HD-44|HD-45,yes
32822,Orange,12095,orlando,FL-10,0.678,FL-9|FL-10,SD-17,HD-43,no
32822,Orange,12095,orlando,FL-9,0.322,FL-9|FL-10,SD-17,HD-43,no
32824,Orange,12095,orlando,FL-9,0.779,FL-9,SD-25|SD-17,HD-44|HD-47|HD-35,yes
32824,Orange,12095,orlando,FL-11,0.221,FL-9,SD-25|SD-17,HD-44|HD-47|HD-35,yes
32825,Orange,12095,orlando,FL-10,0.646,FL-10,SD-17,HD-43|HD-35,yes
32825,Orange,12095,orlando,FL-8,0.354,FL-10,SD-17,HD-43|HD-35,yes
32826,Orange,12095,orlando,FL-8,0.981,FL-10,SD-17,HD-37|HD-35,yes
32827,Orange,12095,orlando,FL-9,1.0,FL-9,SD-17|SD-25,HD-44|HD-35,no
32828,Orange,12095,orlando,FL-8,0.981,FL-10,SD-17,HD-35,yes
32829,Orange,12095,orlando,FL-8,0.646,FL-9|FL-10,SD-17,HD-43,yes
32829,Orange,12095,orlando,FL-10,0.354,FL-9|FL-10,SD-17,HD-43,yes
32830,Orange,12095,orlando,FL-11,1.0,FL-11,SD-13,HD-45,no
32831,Orange,12095,orlando,FL-8,1.0,FL-10,SD-17,HD-35|HD-43,yes
32832,Orange,12095,orlando,FL-9,1.0,FL-9,SD-17,HD-35|HD-43,no
32833,Orange,12095,orlando,FL-8,1.0,FL-8|FL-10,SD-17,HD-35,yes
32835,Orange,12095,orlando,FL-10,0.813,FL-10,SD-15|SD-13,HD-41|HD-45,yes
32835,Orange,12095,orlando,FL-11,0.187,FL-10,SD-15|SD-13,HD-41|HD-45,yes
32836,Orange,12095,orlando,FL-11,1.0,FL-11,SD-13,HD-45|HD-44,no
32837,Orange,12095,orlando,FL-11,0.995,FL-9,SD-25,HD-44,yes
32839,Orange,12095,orlando,FL-10,1.0,FL-9|FL-10,SD-15,HD-41|HD-42,yes
33004,Broward,12011,fort_lauderdale,FL-25,0.742,FL-25,SD-37,HD-101,yes
33004,Broward,12011,fort_lauderdale,FL-24,0.258,FL-25,SD-37,HD-101,yes
33009,Broward,12011,fort_lauderdale,FL-25,0.541,FL-24|FL-25,SD-37,HD-101|HD-105,no
33009,Broward,12011,fort_lauderdale,FL-24,0.459,FL-24|FL-25,SD-37,HD-101|HD-105,no
33010,Miami-Dade,12086,miami,FL-26,1.0,FL-26,SD-39,HD-112,no
33012,Miami-Dade,12086,miami,FL-26,1.0,FL-26,SD-39,HD-112|HD-110,no
33013,Miami-Dade,12086,miami,FL-26,1.0,FL-26,SD-39,HD-112|HD-110,no
33014,Miami-Dade,12086,miami,FL-26,0.785,FL-24|FL-26,SD-39|SD-34,HD-110|HD-107,no
33014,Miami-Dade,12086,miami,FL-24,0.215,FL-24|FL-26,SD-39|SD-34,HD-110|HD-107,no
33015,Miami-Dade,12086,miami,FL-26,1.0,FL-26,SD-39,HD-110,no
33016,Miami-Dade,12086,miami,FL-26,1.0,FL-26,SD-39,HD-111|HD-110,no
33018,Miami-Dade,12086,miami,FL-26,1.0,FL-26,SD-39,HD-111|HD-110,no
33019,Broward,12011,fort_lauderdale,FL-25,1.0,FL-25,SD-37,HD-101,no
33020,Broward,12011,fort_lauderdale,FL-24,0.801,FL-25,SD-37,HD-101|HD-105,yes
33020,Broward,12011,fort_lauderdale,FL-25,0.199,FL-25,SD-37,HD-101|HD-105,yes
33021,Broward,12011,fort_lauderdale,FL-24,0.688,FL-25,SD-37,HD-105|HD-101,yes
33021,Broward,12011,fort_lauderdale,FL-25,0.312,FL-25,SD-37,HD-105|HD-101,yes
33022,Broward,12011,fort_lauderdale,FL-24,1.0,FL-25,SD-37,HD-101,yes
33023,Broward,12011,fort_lauderdale,FL-24,1.0,FL-24|FL-25,SD-37|SD-35,HD-105,yes
33024,Broward,12011,fort_lauderdale,FL-26,0.58,FL-25,SD-35,HD-105|HD-104|HD-101|HD-102,yes
33024,Broward,12011,fort_lauderdale,FL-24,0.419,FL-25,SD-35,HD-105|HD-104|HD-101|HD-102,yes
33025,Broward,12011,fort_lauderdale,FL-26,0.534,FL-24|FL-25,SD-35,HD-104|HD-105,yes
33025,Broward,12011,fort_lauderdale,FL-24,0.466,FL-24|FL-25,SD-35,HD-104|HD-105,yes
33026,Broward,12011,fort_lauderdale,FL-26,1.0,FL-25,SD-35,HD-102|HD-104,yes
33027,Broward,12011,fort_lauderdale,FL-26,1.0,FL-25,SD-35,HD-104|HD-103,yes
33028,Broward,12011,fort_lauderdale,FL-26,1.0,FL-25,SD-35,HD-103|HD-104|HD-102,yes
33029,Broward,12011,fort_lauderdale,FL-26,1.0,FL-25,SD-35,HD-103,yes
33030,Miami-Dade,12086,miami,FL-28,1.0,FL-28,SD-40|SD-38,HD-120,no
33031,Miami-Dade,12086,miami,FL-28,1.0,FL-28,SD-40|SD-38,HD-120,no
33032,Miami-Dade,12086,miami,FL-28,0.978,FL-28,SD-38,HD-120|HD-117,no
33033,Miami-Dade,12086,miami,FL-28,1.0,FL-28,SD-40|SD-38,HD-120|HD-117,no
33034,Miami-Dade,12086,miami,FL-28,1.0,FL-28,SD-40,HD-120,no
33035,Miami-Dade,12086,miami,FL-28,1.0,FL-28,SD-40,HD-120|HD-117,no
33039,Miami-Dade,12086,miami,FL-28,1.0,FL-28,SD-38,HD-120,no
33054,Miami-Dade,12086,miami,FL-24,1.0,FL-24,SD-34,HD-109|HD-107,no
33055,Miami-Dade,12086,miami,FL-24,0.5,FL-24|FL-26,SD-34|SD-39,HD-104|HD-110|HD-107,no
33055,Miami-Dade,12086,miami,FL-26,0.5,FL-24|FL-26,SD-34|SD-39,HD-104|HD-110|HD-107,no
33056,Miami-Dade,12086,miami,FL-24,1.0,FL-24,SD-34,HD-104|HD-107,no
33060,Broward,12011,fort_lauderdale,FL-25,0.689,FL-20|FL-23,SD-37|SD-30,HD-100|HD-98,yes
33060,Broward,12011,fort_lauderdale,FL-20,0.311,FL-20|FL-23,SD-37|SD-30,HD-100|HD-98,yes
33062,Broward,12011,fort_lauderdale,FL-25,1.0,FL-23,SD-37,HD-100,yes
33063,Broward,12011,fort_lauderdale,FL-20,1.0,FL-23,SD-30,HD-95,yes
33064,Broward,12011,fort_lauderdale,FL-20,0.516,FL-20|FL-23,SD-30|SD-37,HD-98|HD-100,yes
33064,Broward,12011,fort_lauderdale,FL-25,0.484,FL-20|FL-23,SD-30|SD-37,HD-98|HD-100,yes
33065,Broward,12011,fort_lauderdale,FL-22,0.655,FL-23,SD-30,HD-96|HD-95,yes
33065,Broward,12011,fort_lauderdale,FL-20,0.345,FL-23,SD-30,HD-96|HD-95,yes
33066,Broward,12011,fort_lauderdale,FL-20,1.0,FL-23,SD-30,HD-95,yes
33067,Broward,12011,fort_lauderdale,FL-22,1.0,FL-23,SD-30,HD-95,yes
33068,Broward,12011,fort_lauderdale,FL-20,1.0,FL-20|FL-23,SD-32|SD-30,HD-97|HD-95,yes
33069,Broward,12011,fort_lauderdale,FL-20,1.0,FL-20|FL-23,SD-30,HD-98,yes
33071,Broward,12011,fort_lauderdale,FL-20,0.989,FL-23,SD-30,HD-96,yes
33073,Broward,12011,fort_lauderdale,FL-22,0.851,FL-23,SD-30,HD-95|HD-98,yes
33073,Broward,12011,fort_lauderdale,FL-20,0.149,FL-23,SD-30,HD-95|HD-98,yes
33076,Broward,12011,fort_lauderdale,FL-22,1.0,FL-23,SD-30,HD-95|HD-96,yes
33101,Miami-Dade,12086,miami,FL-27,1.0,FL-27,SD-36,HD-109,no
33109,Miami-Dade,12086,miami,FL-25,0.991,FL-24,SD-36,HD-106,yes
33122,Miami-Dade,12086,miami,FL-26,1.0,FL-26,SD-39,HD-112|HD-111,no
33125,Miami-Dade,12086,miami,FL-27,0.657,FL-26|FL-27,SD-36,HD-112|HD-109|HD-113,yes
33125,Miami-Dade,12086,miami,FL-24,0.343,FL-26|FL-27,SD-36,HD-112|HD-109|HD-113,yes
33126,Miami-Dade,12086,miami,FL-27,0.706,FL-26|FL-27,SD-36|SD-39,HD-114|HD-112|HD-111,no
33126,Miami-Dade,12086,miami,FL-26,0.294,FL-26|FL-27,SD-36|SD-39,HD-114|HD-112|HD-111,no
33127,Miami-Dade,12086,miami,FL-24,1.0,FL-24|FL-26,SD-34|SD-36,HD-108|HD-109,yes
33128,Miami-Dade,12086,miami,FL-27,1.0,FL-27,SD-36,HD-113|HD-109,no
33129,Miami-Dade,12086,miami,FL-27,1.0,FL-27,SD-36|SD-38,HD-113,no
33130,Miami-Dade,12086,miami,FL-27,1.0,FL-27,SD-36,HD-113,no
33131,Miami-Dade,12086,miami,FL-27,1.0,FL-27,SD-36,HD-113,no
33132,Miami-Dade,12086,miami,FL-27,0.781,FL-24|FL-27,SD-36,HD-113|HD-109,no
33132,Miami-Dade,12086,miami,FL-24,0.219,FL-24|FL-27,SD-36,HD-113|HD-109,no
33133,Miami-Dade,12086,miami,FL-27,1.0,FL-27,SD-38|SD-36,HD-114|HD-113,no
33134,Miami-Dade,12086,miami,FL-27,1.0,FL-27,SD-36,HD-114,no
33135,Miami-Dade,12086,miami,FL-27,1.0,FL-27,SD-36,HD-113|HD-112,no
33136,Miami-Dade,12086,miami,FL-27,0.552,FL-24|FL-26|FL-27,SD-36,HD-109,yes
33136,Miami-Dade,12086,miami,FL-24,0.448,FL-24|FL-26|FL-27,SD-36,HD-109,yes
33137,Miami-Dade,12086,miami,FL-24,1.0,FL-24|FL-26,SD-34|SD-36,HD-108|HD-113,yes
33138,Miami-Dade,12086,miami,FL-24,1.0,FL-24,SD-34,HD-108,no
33139,Miami-Dade,12086,miami,FL-25,0.932,FL-24,SD-36,HD-106|HD-113,yes
33139,Miami-Dade,12086,miami,FL-24,0.062,FL-24,SD-36,HD-106|HD-113,yes
33140,Miami-Dade,12086,miami,FL-25,1.0,FL-24,SD-34|SD-36,HD-106,yes
33141,Miami-Dade,12086,miami,FL-25,1.0,FL-24,SD-34,HD-106,yes
33142,Miami-Dade,12086,miami,FL-26,0.532,FL-24|FL-26,SD-39|SD-34|SD-36,HD-109|HD-112,no
33142,Miami-Dade,12086,miami,FL-24,0.468,FL-24|FL-26,SD-39|SD-34|SD-36,HD-109|HD-112,no
33143,Miami-Dade,12086,miami,FL-27,1.0,FL-27,SD-38,HD-114|HD-115,no
33144,Miami-Dade,12086,miami,FL-27,1.0,FL-27,SD-36,HD-114|HD-115,no
33145,Miami-Dade,12086,miami,FL-27,1.0,FL-27,SD-36,HD-113|HD-114,no
33146,Miami-Dade,12086,miami,FL-27,1.0,FL-27,SD-38,HD-114,no
33147,Miami-Dade,12086,miami,FL-24,0.983,FL-24|FL-26,SD-34|SD-39,HD-109|HD-108,yes
33149,Miami-Dade,12086,miami,FL-27,1.0,FL-27,SD-38|SD-36,HD-113,no
33150,Miami-Dade,12086,miami,FL-24,1.0,FL-24,SD-34,HD-108|HD-109,no
33154,Miami-Dade,12086,miami,FL-25,1.0,FL-24,SD-34,HD-106,yes
33155,Miami-Dade,12086,miami,FL-27,1.0,FL-27,SD-36|SD-38,HD-115|HD-114,no
33156,Miami-Dade,12086,miami,FL-27,1.0,FL-27,SD-38,HD-115|HD-114,no
33157,Miami-Dade,12086,miami,FL-27,0.931,FL-27|FL-28,SD-38,HD-115|HD-117,no
33157,Miami-Dade,12086,miami,FL-28,0.069,FL-27|FL-28,SD-38,HD-115|HD-117,no
33158,Miami-Dade,12086,miami,FL-27,1.0,FL-27,SD-38,HD-115|HD-114,no
33160,Miami-Dade,12086,miami,FL-25,0.999,FL-24,SD-37|SD-34,HD-106|HD-107,yes
33161,Miami-Dade,12086,miami,FL-24,1.0,FL-24,SD-34,HD-108,no
33162,Miami-Dade,12086,miami,FL-24,0.615,FL-24,SD-34,HD-107,yes
33162,Miami-Dade,12086,miami,FL-25,0.385,FL-24,SD-34,HD-107,yes
33165,Miami-Dade,12086,miami,FL-27,0.737,FL-27|FL-28,SD-38|SD-36|SD-40,HD-116,no
33165,Miami-Dade,12086,miami,FL-28,0.263,FL-27|FL-28,SD-38|SD-36|SD-40,HD-116,no
33166,Miami-Dade,12086,miami,FL-26,1.0,FL-26,SD-39,HD-112|HD-111,no
33167,Miami-Dade,12086,miami,FL-24,1.0,FL-24,SD-34|SD-39,HD-109|HD-108,no
33168,Miami-Dade,12086,miami,FL-24,1.0,FL-24,SD-34,HD-108,no
33169,Miami-Dade,12086,miami,FL-24,1.0,FL-24,SD-34,HD-107|HD-104,no
33170,Miami-Dade,12086,miami,FL-28,1.0,FL-28,SD-38|SD-40,HD-120|HD-119|HD-118|HD-117,no
33172,Miami-Dade,12086,miami,FL-26,0.478,FL-26|FL-27|FL-28,SD-39|SD-36,HD-116|HD-111,no
33172,Miami-Dade,12086,miami,FL-28,0.285,FL-26|FL-27|FL-28,SD-39|SD-36,HD-116|HD-111,no
33172,Miami-Dade,12086,miami,FL-27,0.237,FL-26|FL-27|FL-28,SD-39|SD-36,HD-116|HD-111,no
33173,Miami-Dade,12086,miami,FL-27,1.0,FL-27,SD-38,HD-116,no
33174,Miami-Dade,12086,miami,FL-27,0.587,FL-27|FL-28,SD-36|SD-39|SD-40,HD-116,no
33174,Miami-Dade,12086,miami,FL-28,0.413,FL-27|FL-28,SD-36|SD-39|SD-40,HD-116,no
33175,Miami-Dade,12086,miami,FL-28,1.0,FL-28,SD-40,HD-118|HD-116,no
33176,Miami-Dade,12086,miami,FL-27,0.996,FL-27,SD-38,HD-115|HD-116|HD-117,no
33177,Miami-Dade,12086,miami,FL-28,0.999,FL-28,SD-38|SD-40,HD-118|HD-119|HD-117,no
33178,Miami-Dade,12086,miami,FL-26,1.0,FL-26,SD-39,HD-111,no
33179,Miami-Dade,12086,miami,FL-24,0.682,FL-24,SD-34|SD-37,HD-107,yes
33179,Miami-Dade,12086,miami,FL-25,0.318,FL-24,SD-34|SD-37,HD-107,yes
33180,Miami-Dade,12086,miami,FL-25,1.0,FL-24,SD-37,HD-106|HD-107,yes
33181,Miami-Dade,12086,miami,FL-25,0.714,FL-24,SD-34,HD-106|HD-107|HD-108,yes
33181,Miami-Dade,12086,miami,FL-24,0.286,FL-24,SD-34,HD-106|HD-107|HD-108,yes
33182,Miami-Dade,12086,miami,FL-28,0.554,FL-26|FL-28,SD-39,HD-111,no
33182,Miami-Dade,12086,miami,FL-26,0.446,FL-26|FL-28,SD-39,HD-111,no
33183,Miami-Dade,12086,miami,FL-28,0.994,FL-27|FL-28,SD-40|SD-38,HD-118|HD-116,yes
33184,Miami-Dade,12086,miami,FL-28,1.0,FL-28,SD-40|SD-39,HD-111|HD-118,no
33185,Miami-Dade,12086,miami,FL-28,1.0,FL-28,SD-40,HD-119,no
33186,Miami-Dade,12086,miami,FL-28,0.999,FL-27|FL-28,SD-40|SD-38,HD-118|HD-119,yes
33187,Miami-Dade,12086,miami,FL-28,1.0,FL-28,SD-40,HD-120|HD-119,no
33189,Miami-Dade,12086,miami,FL-27,0.913,FL-27|FL-28,SD-38,HD-115|HD-117,no
33189,Miami-Dade,12086,miami,FL-28,0.087,FL-27|FL-28,SD-38,HD-115|HD-117,no
33190,Miami-Dade,12086,miami,FL-27,0.746,FL-27|FL-28,SD-38,HD-115|HD-120,no
33190,Miami-Dade,12086,miami,FL-28,0.254,FL-27|FL-28,SD-38,HD-115|HD-120,no
33193,Miami-Dade,12086,miami,FL-28,1.0,FL-28,SD-40,HD-119|HD-120,no
33194,Miami-Dade,12086,miami,FL-28,0.994,FL-28,SD-40,HD-120,no
33196,Miami-Dade,12086,miami,FL-28,1.0,FL-28,SD-40,HD-120|HD-119,no
33301,Broward,12011,fort_lauderdale,FL-25,0.597,FL-23,SD-37|SD-32,HD-100,yes
33301,Broward,12011,fort_lauderdale,FL-20,0.403,FL-23,SD-37|SD-32,HD-100,yes
33304,Broward,12011,fort_lauderdale,FL-20,0.646,FL-23,SD-37|SD-32,HD-100|HD-99,yes
33304,Broward,12011,fort_lauderdale,FL-25,0.354,FL-23,SD-37|SD-32,HD-100|HD-99,yes
33305,Broward,12011,fort_lauderdale,FL-20,0.682,FL-23,SD-37|SD-32,HD-100|HD-99,yes
33305,Broward,12011,fort_lauderdale,FL-25,0.318,FL-23,SD-37|SD-32,HD-100|HD-99,yes
33306,Broward,12011,fort_lauderdale,FL-25,0.651,FL-23,SD-37|SD-32,HD-100|HD-98|HD-99,yes
33306,Broward,12011,fort_lauderdale,FL-20,0.349,FL-23,SD-37|SD-32,HD-100|HD-98|HD-99,yes
33308,Broward,12011,fort_lauderdale,FL-25,0.953,FL-23,SD-37,HD-100,yes
33309,Broward,12011,fort_lauderdale,FL-20,1.0,FL-20|FL-23,SD-32,HD-98|HD-97,yes
33311,Broward,12011,fort_lauderdale,FL-20,1.0,FL-20|FL-23,SD-32|SD-37,HD-99|HD-98,yes
33312,Broward,12011,fort_lauderdale,FL-25,0.696,FL-20|FL-23|FL-25,SD-37|SD-32,HD-99|HD-101,yes
33312,Broward,12011,fort_lauderdale,FL-20,0.304,FL-20|FL-23|FL-25,SD-37|SD-32,HD-99|HD-101,yes
33313,Broward,12011,fort_lauderdale,FL-20,1.0,FL-20,SD-32,HD-97|HD-99,no
33314,Broward,12011,fort_lauderdale,FL-22,0.358,FL-25,SD-35|SD-37,HD-101,yes
33314,Broward,12011,fort_lauderdale,FL-25,0.327,FL-25,SD-35|SD-37,HD-101,yes
33314,Broward,12011,fort_lauderdale,FL-26,0.316,FL-25,SD-35|SD-37,HD-101,yes
33315,Broward,12011,fort_lauderdale,FL-25,0.894,FL-23|FL-25,SD-37|SD-32,HD-101|HD-99,yes
33315,Broward,12011,fort_lauderdale,FL-20,0.106,FL-23|FL-25,SD-37|SD-32,HD-101|HD-99,yes
33316,Broward,12011,fort_lauderdale,FL-25,1.0,FL-23|FL-25,SD-37,HD-100|HD-101,yes
33317,Broward,12011,fort_lauderdale,FL-20,0.493,FL-20|FL-25,SD-32|SD-37|SD-35,HD-99|HD-101,yes
33317,Broward,12011,fort_lauderdale,FL-22,0.395,FL-20|FL-25,SD-32|SD-37|SD-35,HD-99|HD-101,yes
33317,Broward,12011,fort_lauderdale,FL-25,0.112,FL-20|FL-25,SD-32|SD-37|SD-35,HD-99|HD-101,yes
33319,Broward,12011,fort_lauderdale,FL-20,1.0,FL-20,SD-32,HD-97,no
33321,Broward,12011,fort_lauderdale,FL-20,0.987,FL-20,SD-32,HD-96|HD-97,no
33322,Broward,12011,fort_lauderdale,FL-20,1.0,FL-20|FL-25,SD-32,HD-102|HD-97,yes
33323,Broward,12011,fort_lauderdale,FL-22,1.0,FL-20|FL-25,SD-32|SD-35,HD-96|HD-102,yes
33324,Broward,12011,fort_lauderdale,FL-22,0.748,FL-20|FL-25,SD-32|SD-35,HD-102|HD-101,yes
33324,Broward,12011,fort_lauderdale,FL-20,0.252,FL-20|FL-25,SD-32|SD-35,HD-102|HD-101,yes
33325,Broward,12011,fort_lauderdale,FL-22,1.0,FL-20|FL-25,SD-35|SD-32,HD-102|HD-96,yes
33326,Broward,12011,fort_lauderdale,FL-22,1.0,FL-20|FL-25,SD-35,HD-103|HD-102,yes
33327,Broward,12011,fort_lauderdale,FL-22,1.0,FL-20,SD-35,HD-96,yes
33328,Broward,12011,fort_lauderdale,FL-22,0.541,FL-25,SD-35,HD-102|HD-101,yes
33328,Broward,12011,fort_lauderdale,FL-26,0.459,FL-25,SD-35,HD-102|HD-101,yes
33330,Broward,12011,fort_lauderdale,FL-26,0.553,FL-25,SD-35,HD-102,yes
33330,Broward,12011,fort_lauderdale,FL-22,0.447,FL-25,SD-35,HD-102,yes
33331,Broward,12011,fort_lauderdale,FL-26,0.591,FL-25,SD-35,HD-103|HD-102,yes
33331,Broward,12011,fort_lauderdale,FL-22,0.409,FL-25,SD-35,HD-103|HD-102,yes
33332,Broward,12011,fort_lauderdale,FL-26,0.755,FL-20|FL-25,SD-35,HD-96|HD-103,yes
33332,Broward,12011,fort_lauderdale,FL-22,0.245,FL-20|FL-25,SD-35,HD-96|HD-103,yes
33334,Broward,12011,fort_lauderdale,FL-20,0.968,FL-23,SD-32|SD-37,HD-98|HD-100|HD-99,yes
33351,Broward,12011,fort_lauderdale,FL-20,0.989,FL-20,SD-32,HD-96|HD-97,no
33388,Broward,12011,fort_lauderdale,FL-22,1.0,FL-25,SD-32,HD-102,yes
33441,Broward,12011,fort_lauderdale,FL-25,0.587,FL-20|FL-23,SD-37|SD-30,HD-100|HD-98,yes
33441,Broward,12011,fort_lauderdale,FL-20,0.413,FL-20|FL-23,SD-37|SD-30,HD-100|HD-98,yes
33442,Broward,12011,fort_lauderdale,FL-25,0.745,FL-23,SD-30,HD-98,yes
33442,Broward,12011,fort_lauderdale,FL-20,0.245,FL-23,SD-30,HD-98,yes
33503,Hillsborough,12057,tampa,FL-14,1.0,FL-16,SD-20,HD-70,yes
33510,Hillsborough,12057,tampa,FL-14,0.995,FL-15,SD-23,HD-67|HD-68,yes
33511,Hillsborough,12057,tampa,FL-14,0.985,FL-16,SD-20|SD-23|SD-16,HD-69|HD-68,yes
33527,Hillsborough,12057,tampa,FL-14,1.0,FL-15|FL-16,SD-23|SD-20,HD-68,yes
33530,Hillsborough,12057,tampa,FL-14,1.0,FL-16,SD-20,HD-68,yes
33534,Hillsborough,12057,tampa,FL-14,1.0,FL-14|FL-16,SD-16,HD-62,yes
33547,Hillsborough,12057,tampa,FL-14,0.977,FL-16,SD-20,HD-69,yes
33548,Hillsborough,12057,tampa,FL-12,1.0,FL-15,SD-14,HD-66,yes
33549,Hillsborough,12057,tampa,FL-12,1.0,FL-15,SD-14|SD-23,HD-66|HD-55|HD-67,yes
33550,Hillsborough,12057,tampa,FL-14,1.0,FL-15,SD-23,HD-67,yes
33556,Hillsborough,12057,tampa,FL-12,1.0,FL-12|FL-14,SD-14|SD-21,HD-66|HD-55,yes
33558,Hillsborough,12057,tampa,FL-12,1.0,FL-14|FL-15,SD-14|SD-23,HD-66|HD-55,yes
33559,Hillsborough,12057,tampa,FL-12,0.84,FL-15,SD-14|SD-23,HD-54|HD-66|HD-67,yes
33559,Hillsborough,12057,tampa,FL-15,0.16,FL-15,SD-14|SD-23,HD-54|HD-66|HD-67,yes
33563,Hillsborough,12057,tampa,FL-14,1.0,FL-15,SD-23,HD-68,yes
33565,Hillsborough,12057,tampa,FL-15,0.583,FL-15,SD-23,HD-68,yes
33565,Hillsborough,12057,tampa,FL-14,0.417,FL-15,SD-23,HD-68,yes
33566,Hillsborough,12057,tampa,FL-14,1.0,FL-15,SD-23,HD-68,yes
33567,Hillsborough,12057,tampa,FL-14,1.0,FL-15|FL-16,SD-20|SD-23,HD-68,yes
33569,Hillsborough,12057,tampa,FL-14,1.0,FL-16,SD-20,HD-69,yes
33570,Hillsborough,12057,tampa,FL-14,1.0,FL-14|FL-16,SD-16|SD-20,HD-70,yes
33572,Hillsborough,12057,tampa,FL-14,1.0,FL-14|FL-16,SD-16,HD-70,yes
33573,Hillsborough,12057,tampa,FL-14,1.0,FL-16,SD-20|SD-16,HD-70,yes
33578,Hillsborough,12057,tampa,FL-14,0.927,FL-14|FL-16,SD-16|SD-20,HD-62|HD-69|HD-70,yes
33578,Hillsborough,12057,tampa,FL-15,0.073,FL-14|FL-16,SD-16|SD-20,HD-62|HD-69|HD-70,yes
33579,Hillsborough,12057,tampa,FL-14,1.0,FL-16,SD-20,HD-69|HD-70,yes
33584,Hillsborough,12057,tampa,FL-14,0.771,FL-15,SD-23,HD-67|HD-68,yes
33584,Hillsborough,12057,tampa,FL-15,0.229,FL-15,SD-23,HD-67|HD-68,yes
33592,Hillsborough,12057,tampa,FL-15,0.851,FL-15,SD-23,HD-67|HD-68,yes
33592,Hillsborough,12057,tampa,FL-14,0.149,FL-15,SD-23,HD-67|HD-68,yes
33594,Hillsborough,12057,tampa,FL-14,1.0,FL-15|FL-16,SD-23,HD-68,yes
33596,Hillsborough,12057,tampa,FL-14,1.0,FL-16,SD-20,HD-68|HD-69,yes
33598,Hillsborough,12057,tampa,FL-14,0.925,FL-16,SD-20,HD-69|HD-70|HD-72,yes
33598,Hillsborough,12057,tampa,FL-16,0.075,FL-16,SD-20,HD-69|HD-70|HD-72,yes
33602,Hillsborough,12057,tampa,FL-12,0.658,FL-14,SD-16,HD-63|HD-65|HD-64,yes
33602,Hillsborough,12057,tampa,FL-14,0.342,FL-14,SD-16,HD-63|HD-65|HD-64,yes
33603,Hillsborough,12057,tampa,FL-12,1.0,FL-14,SD-16|SD-14,HD-64|HD-63,yes
33604,Hillsborough,12057,tampa,FL-12,0.875,FL-14,SD-14|SD-16,HD-64|HD-63,yes
33604,Hillsborough,12057,tampa,FL-15,0.125,FL-14,SD-14|SD-16,HD-64|HD-63,yes
33605,Hillsborough,12057,tampa,FL-15,0.515,FL-14,SD-16,HD-63|HD-62,yes
33605,Hillsborough,12057,tampa,FL-14,0.39,FL-14,SD-16,HD-63|HD-62,yes
33605,Hillsborough,12057,tampa,FL-12,0.095,FL-14,SD-16,HD-63|HD-62,yes
33606,Hillsborough,12057,tampa,FL-14,0.799,FL-14,SD-14|SD-16,HD-65|HD-63,yes
33606,Hillsborough,12057,tampa,FL-12,0.201,FL-14,SD-14|SD-16,HD-65|HD-63,yes
33607,Hillsborough,12057,tampa,FL-14,0.768,FL-14,SD-14|SD-16,HD-64|HD-65|HD-63,yes
33607,Hillsborough,12057,tampa,FL-12,0.232,FL-14,SD-14|SD-16,HD-64|HD-65|HD-63,yes
33609,Hillsborough,12057,tampa,FL-14,0.989,FL-14,SD-14,HD-65,no
33610,Hillsborough,12057,tampa,FL-15,0.929,FL-14|FL-15,SD-16|SD-23,HD-63|HD-62|HD-67,no
33610,Hillsborough,12057,tampa,FL-14,0.071,FL-14|FL-15,SD-16|SD-23,HD-63|HD-62|HD-67,no
33611,Hillsborough,12057,tampa,FL-14,1.0,FL-14,SD-14,HD-65,no
33612,Hillsborough,12057,tampa,FL-12,0.862,FL-15,SD-16|SD-14,HD-66|HD-63,yes
33612,Hillsborough,12057,tampa,FL-15,0.138,FL-15,SD-16|SD-14,HD-66|HD-63,yes
33613,Hillsborough,12057,tampa,FL-12,0.748,FL-15,SD-14|SD-16,HD-66|HD-67,yes
33613,Hillsborough,12057,tampa,FL-15,0.252,FL-15,SD-14|SD-16,HD-66|HD-67,yes
33614,Hillsborough,12057,tampa,FL-12,0.697,FL-14,SD-14,HD-64,yes
33614,Hillsborough,12057,tampa,FL-14,0.303,FL-14,SD-14,HD-64,yes
33615,Hillsborough,12057,tampa,FL-14,0.889,FL-14,SD-14,HD-64|HD-65,yes
33615,Hillsborough,12057,tampa,FL-12,0.111,FL-14,SD-14,HD-64|HD-65,yes
33616,Hillsborough,12057,tampa,FL-14,1.0,FL-14,SD-14,HD-65,no
33617,Hillsborough,12057,tampa,FL-15,1.0,FL-14|FL-15,SD-16,HD-63|HD-67,yes
33618,Hillsborough,12057,tampa,FL-12,1.0,FL-15,SD-14,HD-66,yes
33619,Hillsborough,12057,tampa,FL-15,0.616,FL-14|FL-15|FL-16,SD-16,HD-62,yes
33619,Hillsborough,12057,tampa,FL-14,0.384,FL-14|FL-15|FL-16,SD-16,HD-62,yes
33620,Hillsborough,12057,tampa,FL-15,1.0,FL-15,SD-16,HD-67,no
33621,Hillsborough,12057,tampa,FL-14,1.0,FL-14,SD-14,HD-65,no
33624,Hillsborough,12057,tampa,FL-12,1.0,FL-14|FL-15,SD-14,HD-66|HD-64,yes
33625,Hillsborough,12057,tampa,FL-12,1.0,FL-14,SD-14,HD-66|HD-64,yes
33626,Hillsborough,12057,tampa,FL-12,1.0,FL-14,SD-14,HD-66|HD-65,yes
33629,Hillsborough,12057,tampa,FL-14,1.0,FL-14,SD-14,HD-65,no
33634,Hillsborough,12057,tampa,FL-14,0.692,FL-14,SD-14,HD-64|HD-65,yes
33634,Hillsborough,12057,tampa,FL-12,0.308,FL-14,SD-14,HD-64|HD-65,yes
33635,Hillsborough,12057,tampa,FL-12,0.666,FL-14,SD-14,HD-65,yes
33635,Hillsborough,12057,tampa,FL-14,0.334,FL-14,SD-14,HD-65,yes
33637,Hillsborough,12057,tampa,FL-15,1.0,FL-15,SD-16|SD-14|SD-23,HD-63|HD-67,no
33647,Hillsborough,12057,tampa,FL-15,1.0,FL-15,SD-23|SD-14,HD-67,no
34734,Orange,12095,orlando,FL-10,0.774,FL-11,SD-15|SD-13,HD-41|HD-45,yes
34734,Orange,12095,orlando,FL-11,0.226,FL-11,SD-15|SD-13,HD-41|HD-45,yes
34760,Orange,12095,orlando,FL-11,1.0,FL-11,SD-15,HD-45,no
34761,Orange,12095,orlando,FL-10,0.589,FL-11,SD-15|SD-13,HD-40|HD-39|HD-45,yes
34761,Orange,12095,orlando,FL-11,0.411,FL-11,SD-15|SD-13,HD-40|HD-39|HD-45,yes
34786,Orange,12095,orlando,FL-11,0.988,FL-11,SD-13,HD-45,no
34787,Orange,12095,orlando,FL-11,1.0,FL-11,SD-13|SD-15,HD-45|HD-25|HD-39,no
